Campaign,Campaign Type,Status,Budget,Budget type,Bid Strategy Type,Networks,Languages,Locations,Ad Group,Ad Group Status,Max CPC,Keyword,Match Type,Final URL,Headline 1,Headline 2,Headline 3,Headline 4,Headline 5,Headline 6,Headline 7,Headline 8,Headline 9,Headline 10,Headline 11,Headline 12,Description 1,Description 2,Description 3,Description 4,Path 1,Path 2
PEPTIQ MX - Search,Search,Enabled,300,Daily,Maximize Conversions,Google search,Spanish,Mexico,G1 - Marca y Producto,Enabled,40,[bpc 157 mexico],Exact,https://peptiqmx.com/evaluacion?utm_source=google&utm_medium=cpc&utm_campaign=marca&utm_term=bpc157,PEPTIQ MX · Research Grade,Péptidos Verificados Janoshik,ISO/IEC 17025 · Praga UE,COA Público por Lote,Único Lab Independiente MX,Beyond Biology · Investigación,Catálogo Técnico Gratis,Verifica tu Lote · NFC,Evaluación Personalizada 2 min,Investigación · Longevidad,Hack Your Limits™,Sin Spam · Sin Compromiso,Compuestos research-grade verificados por Janoshik Analytical (Praga · ISO/IEC 17025).,Único en México con COA público por lote. Evaluación gratuita en 2 minutos.,Catálogo técnico, COAs por lote, soporte 1-on-1 con specialist. Sin compromiso.,Beyond Biology · Investigación seria · Para profesionales de salud y biohackers.,evaluacion,research-grade
PEPTIQ MX - Search,Search,Enabled,300,Daily,Maximize Conversions,Google search,Spanish,Mexico,G1 - Marca y Producto,Enabled,40,"""comprar bpc 157""",Phrase,https://peptiqmx.com/evaluacion?utm_source=google&utm_medium=cpc&utm_campaign=marca&utm_term=comprar-bpc157,,,,,,,,,,,,,,,,,,
PEPTIQ MX - Search,Search,Enabled,300,Daily,Maximize Conversions,Google search,Spanish,Mexico,G1 - Marca y Producto,Enabled,40,[tesamorelin mexico],Exact,https://peptiqmx.com/evaluacion?utm_source=google&utm_medium=cpc&utm_campaign=marca&utm_term=tesamorelin,,,,,,,,,,,,,,,,,,
PEPTIQ MX - Search,Search,Enabled,300,Daily,Maximize Conversions,Google search,Spanish,Mexico,G1 - Marca y Producto,Enabled,40,[ipamorelin mexico],Exact,https://peptiqmx.com/evaluacion?utm_source=google&utm_medium=cpc&utm_campaign=marca&utm_term=ipamorelin,,,,,,,,,,,,,,,,,,
PEPTIQ MX - Search,Search,Enabled,300,Daily,Maximize Conversions,Google search,Spanish,Mexico,G1 - Marca y Producto,Enabled,40,[ghk-cu mexico],Exact,https://peptiqmx.com/evaluacion?utm_source=google&utm_medium=cpc&utm_campaign=marca&utm_term=ghkcu,,,,,,,,,,,,,,,,,,
PEPTIQ MX - Search,Search,Enabled,300,Daily,Maximize Conversions,Google search,Spanish,Mexico,G1 - Marca y Producto,Enabled,40,"""péptidos research grade mexico""",Phrase,https://peptiqmx.com/evaluacion?utm_source=google&utm_medium=cpc&utm_campaign=marca&utm_term=research-grade,,,,,,,,,,,,,,,,,,
PEPTIQ MX - Search,Search,Enabled,300,Daily,Maximize Conversions,Google search,Spanish,Mexico,G1 - Marca y Producto,Enabled,40,"""péptidos verificados""",Phrase,https://peptiqmx.com/evaluacion?utm_source=google&utm_medium=cpc&utm_campaign=marca&utm_term=verificados,,,,,,,,,,,,,,,,,,
PEPTIQ MX - Search,Search,Enabled,300,Daily,Maximize Conversions,Google search,Spanish,Mexico,G1 - Marca y Producto,Enabled,40,"""coa janoshik""",Phrase,https://peptiqmx.com/evaluacion?utm_source=google&utm_medium=cpc&utm_campaign=marca&utm_term=coa,,,,,,,,,,,,,,,,,,
PEPTIQ MX - Search,Search,Enabled,300,Daily,Maximize Conversions,Google search,Spanish,Mexico,G2 - Educacional,Enabled,30,"""qué son los péptidos""",Phrase,https://peptiqmx.com/evaluacion?utm_source=google&utm_medium=cpc&utm_campaign=educa&utm_term=que-son,¿Qué Son Los Péptidos?,Investigación de Vanguardia,Guía Técnica Gratis,Para Profesionales de Salud,Investigación · Longevidad,PEPTIQ MX · Beyond Biology,Recibe el Catálogo Técnico,ISO/IEC 17025 Verificado,14+ Líneas Research Grade,Sin Recetas · Sin Spam,Material Educativo,Verifica Cada Lote,Material educativo sobre péptidos research-grade en México · Janoshik Lab UE.,Recibe el catálogo técnico completo en 2 minutos. Gratis · sin spam.,Para profesionales de salud, biohackers y curiosos serios. ISO/IEC 17025.,Beyond Biology · Investigación · Longevidad. Hack Your Limits™.,catalogo,investigacion
PEPTIQ MX - Search,Search,Enabled,300,Daily,Maximize Conversions,Google search,Spanish,Mexico,G2 - Educacional,Enabled,30,"""péptidos para articulaciones""",Phrase,https://peptiqmx.com/evaluacion?utm_source=google&utm_medium=cpc&utm_campaign=educa&utm_term=articulaciones,,,,,,,,,,,,,,,,,,
PEPTIQ MX - Search,Search,Enabled,300,Daily,Maximize Conversions,Google search,Spanish,Mexico,G2 - Educacional,Enabled,30,"""péptidos para longevidad""",Phrase,https://peptiqmx.com/evaluacion?utm_source=google&utm_medium=cpc&utm_campaign=educa&utm_term=longevidad,,,,,,,,,,,,,,,,,,
PEPTIQ MX - Search,Search,Enabled,300,Daily,Maximize Conversions,Google search,Spanish,Mexico,G2 - Educacional,Enabled,30,"""péptidos para piel""",Phrase,https://peptiqmx.com/evaluacion?utm_source=google&utm_medium=cpc&utm_campaign=educa&utm_term=piel,,,,,,,,,,,,,,,,,,
PEPTIQ MX - Search,Search,Enabled,300,Daily,Maximize Conversions,Google search,Spanish,Mexico,G2 - Educacional,Enabled,30,"""biohacking longevidad mexico""",Phrase,https://peptiqmx.com/evaluacion?utm_source=google&utm_medium=cpc&utm_campaign=educa&utm_term=biohacking,,,,,,,,,,,,,,,,,,
PEPTIQ MX - Search,Search,Enabled,300,Daily,Maximize Conversions,Google search,Spanish,Mexico,G2 - Educacional,Enabled,30,"""longevidad protocolo""",Phrase,https://peptiqmx.com/evaluacion?utm_source=google&utm_medium=cpc&utm_campaign=educa&utm_term=protocolo,,,,,,,,,,,,,,,,,,
PEPTIQ MX - Search,Search,Enabled,300,Daily,Maximize Conversions,Google search,Spanish,Mexico,G3 - Competencia,Enabled,50,"""péptidos confiables mexico""",Phrase,https://peptiqmx.com/evaluacion?utm_source=google&utm_medium=cpc&utm_campaign=comp&utm_term=confiables,Mejor que Resellers Genéricos,Único con COA Público en MX,Janoshik Lab UE Verified,14+ Líneas Disponibles,PEPTIQ MX · Beyond Biology,La Diferencia es Verificable,No Compares Peras con Manzanas,Trazabilidad Total por Lote,Investigación Real · MX,Sin Etiquetas · Con COA,Hack Your Limits™,Estándar Internacional,La única marca de péptidos research-grade en México con COA público por lote.,Janoshik Analytical (Praga · UE) verifica cada lote · disponible para cada cliente.,Compara antes de comprar. La transparencia es la diferencia.,Beyond Biology · Investigación seria · Para los que verifican antes de elegir.,verifica,vs-resellers
PEPTIQ MX - Search,Search,Enabled,300,Daily,Maximize Conversions,Google search,Spanish,Mexico,G3 - Competencia,Enabled,50,"""péptidos certificados mexico""",Phrase,https://peptiqmx.com/evaluacion?utm_source=google&utm_medium=cpc&utm_campaign=comp&utm_term=certificados,,,,,,,,,,,,,,,,,,
PEPTIQ MX - Search,Search,Enabled,300,Daily,Maximize Conversions,Google search,Spanish,Mexico,G3 - Competencia,Enabled,50,"""laboratorio peptidos mexico""",Phrase,https://peptiqmx.com/evaluacion?utm_source=google&utm_medium=cpc&utm_campaign=comp&utm_term=laboratorio,,,,,,,,,,,,,,,,,,
