Campaign,Ad Group,Keyword,Match Type,Status,Headline 1,Headline 2,Headline 3,Headline 4,Description 1,Description 2,Final URL,Path 1,Path 2
PEPTIQ Search Ads,Bajar Peso GLP-1,tirzepatide mexico precio,Phrase,Enabled,ATLAS · Tirzepatide Research-Grade,50% Más Peso que Ozempic · SURMOUNT-5,70% Menos Costo que Farmacia,Pide tu COA Janoshik,PEPTIQ MX · La única marca premium con COA Janoshik público por lote. HPLC 99%+ verificable.,Te mandamos el COA del lote actual ANTES de pagar. WhatsApp specialist 1:1.,https://peptiqmx.com/shred.html,atlas,tirzepatide
PEPTIQ Search Ads,Bajar Peso GLP-1,alternativa wegovy mexico,Phrase,Enabled,Alternativa a Wegovy · Research-Grade,Tirzepatide 50% Más Efectivo,COA Janoshik UE Acreditado,Hack Your Limits,PEPTIQ MX · Tirzepatide research-grade a 70% menos costo que farmacia. COA por lote.,Compatible con tu Mounjaro · Ozempic actual. Sin interacción documentada.,https://peptiqmx.com/shred.html,atlas,tirzepatide
PEPTIQ Search Ads,Bajar Peso GLP-1,mounjaro generico mexico legal,Phrase,Enabled,Mounjaro Research-Grade · Legal,Tirzepatide a 70% Menos Costo,COA Janoshik UE · ISO/IEC 17025,Acceso Restringido WhatsApp,ATLAS · Tirzepatide research-grade. SURMOUNT-5 head-to-head: 50% más pérdida vs Ozempic.,Acceso restringido vía WhatsApp con specialist · evaluación previa obligatoria.,https://peptiqmx.com/shred.html,atlas,tirzepatide
PEPTIQ Search Ads,Cabello Alopecia,tratamiento alopecia mujer no minoxidil,Phrase,Enabled,Tu Folículo No Murió · Solo Durmió,AHK-Cu · Sin Finasterida · Sin PFS,+85% Crecimiento · 16 Semanas,COA Janoshik por Lote,AHK-Cu · tetrapéptido cobre research-grade. Activa Wnt/β-catenin · sin tocar DHT.,Compatible con minoxidil · finasterida · sin interacción documentada. PEPTIQ MX.,https://peptiqmx.com/glow.html,ahk-cu,cabello
PEPTIQ Search Ads,Cabello Alopecia,ahk cu cobre peptido alopecia,Phrase,Enabled,AHK-Cu · Tetrapéptido Cobre Premium,Despierta el Folículo Dormido,Pyo 2007 · +85% Crecimiento,Hack Your Limits,Tetrapéptido cobre que activa VEGF + Wnt/β-catenin. NO bloquea DHT · NO es minoxidil.,Sin PFS · sin rebote · sin tocar libido · sin interacción con minoxidil/finasterida.,https://peptiqmx.com/glow.html,ahk-cu,cabello
PEPTIQ Search Ads,Cabello Alopecia,alternativa finasterida sin efectos,Phrase,Enabled,Sin Finasterida · Sin PFS,AHK-Cu · Folicular Específico,COA Janoshik 99%+ Pureza,Compatible con Minoxidil,Alternativa research-grade a finasterida sin disfunción documentada · sin afectar libido.,Despierta folículos dormidos en 16 semanas. Sin tocar DHT · sin tocar eje hormonal.,https://peptiqmx.com/glow.html,ahk-cu,cabello
PEPTIQ Search Ads,Premium Trust,peptidos certificados mexico,Phrase,Enabled,Péptidos Certificados COA Janoshik,99%+ Pureza HPLC Verificable,El Único en MX con COA Público,Hack Your Limits,PEPTIQ MX · única marca con COA Janoshik público por lote. ISO/IEC 17025 UE acreditado.,Te mandamos el COA del lote actual ANTES de pagar. Cero riesgo. Cero compromiso.,https://peptiqmx.com/verify/,peptidos,coa
PEPTIQ Search Ads,Premium Trust,peptidos coa janoshik mexico,Phrase,Enabled,COA Janoshik Público · PEPTIQ MX,ISO/IEC 17025 · UE Acreditado,99%+ Pureza HPLC por Lote,WhatsApp Specialist 1:1,Janoshik Analytical · Eslovaquia · UE · mismo lab que farmacéuticas suizas usan.,COA público vía QR en cada vial · 53% online no contiene compuesto declarado (UCLA 2023).,https://peptiqmx.com/verify/,peptidos,coa
PEPTIQ Search Ads,Premium Trust,peptidos research grade mexico,Phrase,Enabled,Péptidos Research-Grade Premium MX,COA Janoshik UE · Lote Rastreable,30+ SKUs · 6 Líneas Editorial,Concierge Specialist 1:1,PEPTIQ MX · 30+ SKUs research-grade · Wolverine · Highlander · Glow · Prime · Shred · Spa.,Cadena de frío · envío 24-72h · 6 MSI · SPEI · BTC -10% · WhatsApp directo.,https://peptiqmx.com/,peptidos,research-grade
PEPTIQ Conquesting,Brand Conquesting,singular biotech opiniones,Phrase,Enabled,Vs Singular · Te Mandamos COA Antes,99%+ Pureza HPLC Documentada,COA Janoshik UE Acreditado,Hack Your Limits,Singular Biotech NO publica COA por lote · PEPTIQ sí · Janoshik UE acreditado.,Compara: pureza HPLC documentada vs sin certificado · MSI tarjeta vs solo SPEI.,https://peptiqmx.com/,peptiq,vs-singular
PEPTIQ Conquesting,Brand Conquesting,aesthetic pharma stripe,Phrase,Enabled,PEPTIQ · Compra con Tarjeta + 6 MSI,Aesthetic Solo Acepta SPEI,COA Janoshik por Lote,Hack Your Limits,Aesthetic Pharma solo acepta SPEI · PEPTIQ acepta tarjeta + 6 MSI + SPEI + BTC -10%.,Y todo con COA Janoshik público por lote · pureza HPLC verificable antes de pagar.,https://peptiqmx.com/,peptiq,vs-aesthetic
PEPTIQ Conquesting,Brand Conquesting,jay campbell peptidos mexico,Phrase,Enabled,Más Allá del Endorsement · COA Real,Spray vs Vial · Biodisponibilidad,99%+ Pureza HPLC · Janoshik,PEPTIQ MX Research-Grade,No es endorsement de podcast · es laboratorio independiente UE acreditado.,Spray sub-óptimo vs vial liofilizado · biodisponibilidad documentada por COA.,https://peptiqmx.com/,peptiq,vs-cuerpoymente
